{"cameraMode":{"drawMode":0,"name":"Shaded","section":"Shading Mode"},"sceneLighting":false,"audioPlay":false,"sceneViewState":{"showFog":true,"showMaterialUpdate":false,"showSkybox":false,"showFlares":true,"showImageEffects":true,"showParticleSystems":true},"in2DMode":false,"pivot":{"x":-0.0006517916917800903,"y":0.22265508770942689,"z":-0.0001437664031982422},"rotation":{"x":-0.2170497626066208,"y":-0.06671130657196045,"z":0.01488158293068409,"w":-0.9737806916236877},"size":0.6217651963233948,"orthographic":false}